dut,step,coverage_mean,coverage_variance,coverage_stddev
dma_xfer_public,0,0.17391304347826086,0.0,0.0
dma_xfer_public,1000,0.5543478260869565,0.0,0.0
dma_xfer_public,2000,0.6956521739130435,0.0,0.0
dma_xfer_public,3000,0.717391304347826,0.0,0.0
dma_xfer_public,4000,0.717391304347826,0.0,0.0
dma_xfer_public,5000,0.717391304347826,0.0,0.0
dma_xfer_public,6000,0.717391304347826,0.0,0.0
dma_xfer_public,7000,0.8043478260869565,0.0,0.0
dma_xfer_public,8000,0.8913043478260869,0.0,0.0
dma_xfer_public,9000,0.967391304347826,0.0,0.0
dma_xfer_public,10000,1.0,0.0,0.0
dma_xfer_public,11000,1.0,0.0,0.0
dma_xfer_public,12000,1.0,0.0,0.0
dma_xfer_public,13000,1.0,0.0,0.0
dma_xfer_public,14000,1.0,0.0,0.0
dma_xfer_public,15000,1.0,0.0,0.0
dma_xfer_public,16000,1.0,0.0,0.0
dma_xfer_public,17000,1.0,0.0,0.0
dma_xfer_public,18000,1.0,0.0,0.0
dma_xfer_public,19000,1.0,0.0,0.0
dma_xfer_public,20000,1.0,0.0,0.0
dma_xfer_public,21000,1.0,0.0,0.0
dma_xfer_public,22000,1.0,0.0,0.0
dma_xfer_public,23000,1.0,0.0,0.0
dma_xfer_public,24000,1.0,0.0,0.0
dma_xfer_public,25000,1.0,0.0,0.0
dma_xfer_public,26000,1.0,0.0,0.0
dma_xfer_public,27000,1.0,0.0,0.0
dma_xfer_public,28000,1.0,0.0,0.0
dma_xfer_public,29000,1.0,0.0,0.0
dma_xfer_public,29999,1.0,0.0,0.0
spi_master_public,0,0.03333333333333333,0.0,0.0
spi_master_public,1000,0.4749999999999999,3.0814879110195774e-33,5.551115123125783e-17
spi_master_public,2000,0.5583333333333333,0.0,0.0
spi_master_public,3000,0.5583333333333333,0.0,0.0
spi_master_public,4000,0.6,0.0,0.0
spi_master_public,5000,0.6166666666666667,0.0,0.0
spi_master_public,6000,0.6833333333333332,1.232595164407831e-32,1.1102230246251565e-16
spi_master_public,7000,0.7083333333333334,0.0,0.0
spi_master_public,8000,0.7083333333333334,0.0,0.0
spi_master_public,9000,0.7166666666666667,0.0,0.0
spi_master_public,10000,0.7916666666666666,0.0,0.0
spi_master_public,11000,0.8249999999999998,1.232595164407831e-32,1.1102230246251565e-16
spi_master_public,12000,0.85,0.0,0.0
spi_master_public,13000,0.8583333333333333,0.0,0.0
spi_master_public,14000,0.875,0.0,0.0
spi_master_public,15000,0.8916666666666667,0.0,0.0
spi_master_public,16000,0.9,0.0,0.0
spi_master_public,17000,0.9166666666666666,0.0,0.0
spi_master_public,18000,0.9166666666666666,0.0,0.0
spi_master_public,19000,0.9416666666666668,1.232595164407831e-32,1.1102230246251565e-16
spi_master_public,20000,0.9416666666666668,1.232595164407831e-32,1.1102230246251565e-16
spi_master_public,21000,0.9499999999999998,1.232595164407831e-32,1.1102230246251565e-16
spi_master_public,22000,0.9499999999999998,1.232595164407831e-32,1.1102230246251565e-16
spi_master_public,23000,0.9833333333333333,0.0,0.0
spi_master_public,24000,0.9833333333333333,0.0,0.0
spi_master_public,25000,1.0,0.0,0.0
spi_master_public,26000,1.0,0.0,0.0
spi_master_public,27000,1.0,0.0,0.0
spi_master_public,28000,1.0,0.0,0.0
spi_master_public,29000,1.0,0.0,0.0
spi_master_public,29999,1.0,0.0,0.0
spi_xfer_public,0,0.011627906976744186,0.0,0.0
spi_xfer_public,1000,0.5,0.0,0.0
spi_xfer_public,2000,0.686046511627907,0.0,0.0
spi_xfer_public,3000,0.7441860465116279,0.0,0.0
spi_xfer_public,4000,0.7790697674418605,0.0,0.0
spi_xfer_public,5000,0.7790697674418605,0.0,0.0
spi_xfer_public,6000,0.8023255813953488,0.0,0.0
spi_xfer_public,7000,0.8372093023255814,0.0,0.0
spi_xfer_public,8000,0.8604651162790699,1.232595164407831e-32,1.1102230246251565e-16
spi_xfer_public,9000,0.8720930232558141,1.232595164407831e-32,1.1102230246251565e-16
spi_xfer_public,10000,0.8953488372093025,1.232595164407831e-32,1.1102230246251565e-16
spi_xfer_public,11000,0.8953488372093025,1.232595164407831e-32,1.1102230246251565e-16
spi_xfer_public,12000,0.9418604651162791,0.0,0.0
spi_xfer_public,13000,0.9534883720930233,0.0,0.0
spi_xfer_public,14000,0.9651162790697675,0.0,0.0
spi_xfer_public,15000,0.9883720930232558,0.0,0.0
spi_xfer_public,16000,0.9883720930232558,0.0,0.0
spi_xfer_public,17000,1.0,0.0,0.0
spi_xfer_public,18000,1.0,0.0,0.0
spi_xfer_public,19000,1.0,0.0,0.0
spi_xfer_public,20000,1.0,0.0,0.0
spi_xfer_public,21000,1.0,0.0,0.0
spi_xfer_public,22000,1.0,0.0,0.0
spi_xfer_public,23000,1.0,0.0,0.0
spi_xfer_public,24000,1.0,0.0,0.0
spi_xfer_public,25000,1.0,0.0,0.0
spi_xfer_public,26000,1.0,0.0,0.0
spi_xfer_public,27000,1.0,0.0,0.0
spi_xfer_public,28000,1.0,0.0,0.0
spi_xfer_public,29000,1.0,0.0,0.0
spi_xfer_public,29999,1.0,0.0,0.0
